<?xml version="1.0" encoding="ISO-8859-1"?>
<?xml-stylesheet href="../fgdc_classic.xsl" type="text/xsl"?>
<metadata xml:lang="en"><Esri><MetaID>{31A3E7C1-9A91-477A-80BA-94A8B8C36CE8}</MetaID><CreaDate>20090902</CreaDate><CreaTime>12455000</CreaTime><SyncOnce>FALSE</SyncOnce><SyncDate>20090902</SyncDate><SyncTime>12392200</SyncTime><ModDate>20090902</ModDate><ModTime>12403700</ModTime><DataProperties><lineage><Process Name="FeatureClassToFeatureClass_2" ToolSource="F:\Program Files\ArcGIS\ArcToolbox\Toolboxes\Conversion Tools.tbx\FeatureClassToFeatureClass" Date="20090629" Time="130118">FeatureClassToFeatureClass "H:\shapefiles\test county\TEST_COUNTY.shp" Z:\DnrWip\DGLS\LandSurvey\editedplss\PLSS.gdb\PLSSCHECK TEST_STATE_EDITED # "PERIMETER PERIMETER true false false 19 Double 0 0 ,First,#,H:\shapefiles\test county\TEST_COUNTY.shp,PERIMETER,-1,-1;AREA AREA true false false 19 Double 8 18 ,First,#,H:\shapefiles\test county\TEST_COUNTY.shp,AREA,-1,-1;COUNTYNAME COUNTYNAME true false false 35 Text 0 0 ,First,#,H:\shapefiles\test county\TEST_COUNTY.shp,COUNTYNAME,-1,-1;COUNTYFIPS COUNTYFIPS true false false 3 Text 0 0 ,First,#,H:\shapefiles\test county\TEST_COUNTY.shp,COUNTYFIPS,-1,-1;COUNTYGNIS COUNTYGNIS true false false 6 Text 0 0 ,First,#,H:\shapefiles\test county\TEST_COUNTY.shp,COUNTYGNIS,-1,-1;NAME_UCASE NAME_UCASE true false false 35 Text 0 0 ,First,#,H:\shapefiles\test county\TEST_COUNTY.shp,NAME_UCASE,-1,-1;POP_1990 POP_1990 true false false 9 Long 0 9 ,First,#,H:\shapefiles\test county\TEST_COUNTY.shp,POP_1990,-1,-1;POP_2000 POP_2000 true false false 9 Long 0 9 ,First,#,H:\shapefiles\test county\TEST_COUNTY.shp,POP_2000,-1,-1;ACRES ACRES true false false 19 Double 8 18 ,First,#,H:\shapefiles\test county\TEST_COUNTY.shp,ACRES,-1,-1;SQ_MILES SQ_MILES true false false 19 Double 8 18 ,First,#,H:\shapefiles\test county\TEST_COUNTY.shp,SQ_MILES,-1,-1;CNTY_SEAT CNTY_SEAT true false false 35 Text 0 0 ,First,#,H:\shapefiles\test county\TEST_COUNTY.shp,CNTY_SEAT,-1,-1;CO_CLASS CO_CLASS true false false 5 Long 0 5 ,First,#,H:\shapefiles\test county\TEST_COUNTY.shp,CO_CLASS,-1,-1" # Z:\DnrWip\DGLS\LandSurvey\editedplss\PLSS.gdb\PLSSCHECK\TEST_STATE_EDITED</Process><Process ToolSource="F:\Program Files\ArcGIS\ArcToolbox\Toolboxes\Data Management Tools.tbx\CopyFeatures" Date="20090812" Time="153402">CopyFeatures Z:\DnrWip\DGLS\LandSurvey\editedplss\PLSS.gdb\NEW_STATE_EDITED Z:\REVIEW\LandSurvey\NEW_STATE_EDITED.shp # 0 0 0</Process></lineage></DataProperties><PublishedDocID>{361B3EA3-02A1-47A4-B756-0A5E5F33D9F5}</PublishedDocID><PublishStatus>Published</PublishStatus></Esri><idinfo><native Sync="TRUE">Microsoft Windows 2000 Version 5.2 (Build 3790) Service Pack 2; ESRI ArcCatalog 9.3.0.1770</native><descript><langdata>English</langdata><abstract>This data set contains the boundaries of the state of Missouri.</abstract><purpose>This data set was created to provide the most accurate state boundary data available.</purpose></descript><citation><citeinfo><origin>Missouri Department of Natural Resources (MoDNR), Division of Geology and Land Survey (DGLS), Land Survey Program</origin><pubdate>20090812</pubdate><title>MO 2009 State Boundary (SHP)</title><ftname Sync="TRUE">STATE</ftname><geoform Sync="TRUE">vector digital data</geoform><onlink>ftp://msdis.missouri.edu/pub/Administrative_Political_Boundaries/MO_2009_State_Boundary_shp.zip</onlink><pubinfo><publish>Missouri Department of Natural Resources</publish></pubinfo></citeinfo></citation><timeperd><current>publication date</current><timeinfo><sngdate><caldate>20090722</caldate></sngdate></timeinfo></timeperd><status><progress>Complete</progress><update>As needed</update></status><spdom><bounding><westbc Sync="TRUE">-95.774888</westbc><eastbc Sync="TRUE">-88.898013</eastbc><northbc Sync="TRUE">40.620695</northbc><southbc Sync="TRUE">35.962590</southbc></bounding><lboundng><leftbc Sync="TRUE">265164.044000</leftbc><rightbc Sync="TRUE">847376.758100</rightbc><bottombc Sync="TRUE">3986661.867100</bottombc><topbc Sync="TRUE">4496652.029100</topbc></lboundng></spdom><keywords><theme><themekt>None</themekt><themekey>boundaries</themekey></theme><place><placekt>None</placekt><placekey>Missouri</placekey></place></keywords><accconst>None.</accconst><useconst>Although all data in this data set have been compiled by the Missouri Department of Natural Resources, no warranty, expressed or implied, is made by the department as to the accuracy of the data and related materials.</useconst><natvform Sync="TRUE">Shapefile</natvform><ptcontac><cntinfo><cntperp><cntper>Bruce Wilson</cntper><cntorg>Missouri Department of Natural Resource, Division of Geology and Land Survey, Land Survey Program</cntorg></cntperp><cntpos>Technical Assistant IV</cntpos><cntaddr><addrtype>physical address</addrtype><address>111 Fairgrounds Road</address><city>Rolla</city><state>Missouri</state><postal>65401</postal><country>United States</country></cntaddr><cntvoice>(573) 368-2327</cntvoice><cnttdd>800-735-2966</cnttdd><cntfax>(573) 368-2379</cntfax><cntemail>bruce.wilson@dnr.mo.gov</cntemail><hours>Monday through Friday, 8 a.m. to 5 p.m. Central time</hours><cntaddr><addrtype>mailing address</addrtype><address>P. O. Box 250</address><city>Rolla</city><state>Missouri</state><postal>65402</postal><country>United States</country></cntaddr></cntinfo></ptcontac></idinfo><dataIdInfo><envirDesc Sync="TRUE">Microsoft Windows 2000 Version 5.2 (Build 3790) Service Pack 2; ESRI ArcCatalog 9.3.0.1770</envirDesc><dataLang><languageCode Sync="TRUE" value="en"></languageCode></dataLang><idCitation><resTitle Sync="TRUE">MO 2009 State Boundary (SHP)</resTitle><presForm><PresFormCd Sync="TRUE" value="005"></PresFormCd></presForm></idCitation><spatRpType><SpatRepTypCd Sync="TRUE" value="001"></SpatRepTypCd></spatRpType><dataExt><geoEle><GeoBndBox esriExtentType="native"><westBL Sync="TRUE">265164.044</westBL><eastBL Sync="TRUE">847376.7581</eastBL><northBL Sync="TRUE">4496652.0291</northBL><southBL Sync="TRUE">3986661.8671</southBL><exTypeCode Sync="TRUE">1</exTypeCode></GeoBndBox></geoEle></dataExt><geoBox esriExtentType="decdegrees"><westBL Sync="TRUE">-95.774888</westBL><eastBL Sync="TRUE">-88.898013</eastBL><northBL Sync="TRUE">40.620695</northBL><southBL Sync="TRUE">35.96259</southBL><exTypeCode Sync="TRUE">1</exTypeCode></geoBox></dataIdInfo><metainfo><langmeta Sync="TRUE">en</langmeta><metstdn Sync="TRUE">FGDC Content Standards for Digital Geospatial Metadata</metstdn><metstdv Sync="TRUE">FGDC-STD-001-1998</metstdv><mettc Sync="TRUE">local time</mettc><metc><cntinfo><cntaddr><addrtype>mailing and physical address</addrtype><city>Jefferson City</city><state>Missouri</state><postal>65102-0176</postal><address>205 Jefferson Street</address><country>United States</country><address>P.O. Box 250</address></cntaddr><cntvoice>(573) 522-8378</cntvoice><cntpos>Geographic Information Systems Specialist</cntpos><cnttdd>800-735-2966</cnttdd><cntfax>(573) 526-1421</cntfax><cntemail>michael.hill@dnr.mo.gov</cntemail><hours>Monday through Friday 8 a.m. to 5 p.m. Central time.</hours><cntperp><cntper>Michael Hill</cntper><cntorg>Missouri Office of Administration, Information Technology Services Division, Missouri Department of Natural Resources</cntorg></cntperp></cntinfo></metc><metd>20090812</metd><metextns><onlink>http://www.esri.com/metadata/esriprof80.html</onlink><metprof>ESRI Metadata Profile</metprof></metextns><metextns><onlink Sync="TRUE">http://www.esri.com/metadata/esriprof80.html</onlink><metprof Sync="TRUE">ESRI Metadata Profile</metprof></metextns></metainfo><mdLang><languageCode Sync="TRUE" value="en"></languageCode></mdLang><mdStanName Sync="TRUE">ISO 19115 Geographic Information - Metadata</mdStanName><mdStanVer Sync="TRUE">DIS_ESRI1.0</mdStanVer><mdChar><CharSetCd Sync="TRUE" value="004"></CharSetCd></mdChar><mdHrLv><ScopeCd Sync="TRUE" value="005"></ScopeCd></mdHrLv><mdHrLvName Sync="TRUE">dataset</mdHrLvName><distinfo><resdesc Sync="TRUE">Downloadable Data</resdesc><stdorder><digform><digtinfo><transize Sync="TRUE">0.221</transize><dssize Sync="TRUE">0.221</dssize></digtinfo></digform></stdorder><distliab>Although all data in this data set have been compiled by the Missouri Department of Natural Resources, no warranty, expressed or implied, is made by the department as to the accuracy of the data and related materials.  The act of distribution shall not constitute any such warranty, and no responsibility is assumed by the department in the use of these data or related materials.</distliab></distinfo><distInfo><distributor><distorTran><onLineSrc><orDesc Sync="TRUE">002</orDesc><linkage Sync="TRUE">file://\\HSIF1\C$\msdis\modnr\9_2_2009\STATE.shp</linkage><protocol Sync="TRUE">Local Area Network</protocol></onLineSrc><transSize Sync="TRUE">0.221</transSize></distorTran><distorFormat><formatName Sync="TRUE">Shapefile</formatName></distorFormat></distributor></distInfo><spdoinfo><direct Sync="TRUE">Vector</direct><ptvctinf><esriterm Name="STATE"><efeatyp Sync="TRUE">Simple</efeatyp><efeageom Sync="TRUE">Polygon</efeageom><esritopo Sync="TRUE">FALSE</esritopo><efeacnt Sync="TRUE">1</efeacnt><spindex Sync="TRUE">FALSE</spindex><linrefer Sync="TRUE">FALSE</linrefer></esriterm><sdtsterm Name="STATE"><sdtstype Sync="TRUE">G-polygon</sdtstype><ptvctcnt Sync="TRUE">1</ptvctcnt></sdtsterm></ptvctinf></spdoinfo><spref><horizsys><cordsysn><geogcsn Sync="TRUE">GCS_North_American_1983</geogcsn><projcsn Sync="TRUE">NAD_1983_UTM_Zone_15N</projcsn></cordsysn><planar><planci><plance Sync="TRUE">coordinate pair</plance><plandu Sync="TRUE">meters</plandu><coordrep><absres Sync="TRUE">0.000000</absres><ordres Sync="TRUE">0.000000</ordres></coordrep></planci><gridsys><gridsysn Sync="TRUE">Universal Transverse Mercator</gridsysn><utm><utmzone Sync="TRUE">15</utmzone><transmer><sfctrmer Sync="TRUE">0.999600</sfctrmer><longcm Sync="TRUE">-93.000000</longcm><latprjo Sync="TRUE">0.000000</latprjo><feast Sync="TRUE">500000.000000</feast><fnorth Sync="TRUE">0.000000</fnorth></transmer></utm></gridsys></planar><geodetic><horizdn Sync="TRUE">North American Datum of 1983</horizdn><ellips Sync="TRUE">Geodetic Reference System 80</ellips><semiaxis Sync="TRUE">6378137.000000</semiaxis><denflat Sync="TRUE">298.257222</denflat></geodetic></horizsys><vertdef><altsys><altenc Sync="TRUE">Explicit elevation coordinate included with horizontal coordinates</altenc><altres Sync="TRUE">0.000100</altres></altsys></vertdef></spref><refSysInfo><RefSystem><refSysID><identCode Sync="TRUE">NAD_1983_UTM_Zone_15N</identCode></refSysID></RefSystem></refSysInfo><spatRepInfo><VectSpatRep><topLvl><TopoLevCd Sync="TRUE" value="001"></TopoLevCd></topLvl><geometObjs Name="STATE"><geoObjTyp><GeoObjTypCd Sync="TRUE" value="001"></GeoObjTypCd></geoObjTyp><geoObjCnt Sync="TRUE">1</geoObjCnt></geometObjs></VectSpatRep></spatRepInfo><eainfo><detailed Name="STATE"><enttyp><enttypl Sync="TRUE">STATE</enttypl><enttypt Sync="TRUE">Feature Class</enttypt><enttypc Sync="TRUE">1</enttypc></enttyp><attr><attrlabl Sync="TRUE">FID</attrlabl><attalias Sync="TRUE">FID</attalias><attrtype Sync="TRUE">OID</attrtype><attwidth Sync="TRUE">4</attwidth><atprecis Sync="TRUE">0</atprecis><attscale Sync="TRUE">0</attscale><attrdef Sync="TRUE">Internal feature number.</attrdef><attrdefs Sync="TRUE">ESRI</attrdefs><attrdomv><udom Sync="TRUE">Sequential unique whole numbers that are automatically generated.</udom></attrdomv></attr><attr><attrlabl Sync="TRUE">Shape</attrlabl><attalias Sync="TRUE">Shape</attalias><attrtype Sync="TRUE">Geometry</attrtype><attwidth Sync="TRUE">0</attwidth><atprecis Sync="TRUE">0</atprecis><attscale Sync="TRUE">0</attscale><attrdef Sync="TRUE">Feature geometry.</attrdef><attrdefs Sync="TRUE">ESRI</attrdefs><attrdomv><udom Sync="TRUE">Coordinates defining the features.</udom></attrdomv></attr><attr><attrlabl Sync="TRUE">PSTATENAME</attrlabl><attalias Sync="TRUE">PSTATENAME</attalias><attrtype Sync="TRUE">String</attrtype><attwidth Sync="TRUE">35</attwidth><attrdef>The name of a principal administrative subdivision of the United States.</attrdef></attr><attr><attrlabl Sync="TRUE">PSTATEABBR</attrlabl><attalias Sync="TRUE">PSTATEABBR</attalias><attrtype Sync="TRUE">String</attrtype><attwidth Sync="TRUE">2</attwidth><attrdef>Two-letter abbreviation for the name of a principal administrative subdivision of the United States.</attrdef></attr><attr><attrlabl Sync="TRUE">PSTATEFIPS</attrlabl><attalias Sync="TRUE">PSTATEFIPS</attalias><attrtype Sync="TRUE">String</attrtype><attwidth Sync="TRUE">2</attwidth><attrdef>The official code for the state using the Federal Information Processing Standards (FIPS) database.</attrdef><attrdefs>http:/www.itl.nist.gov/fipspubs/fip6-4.htm</attrdefs></attr><attr><attrlabl Sync="TRUE">PSTATEGNIS</attrlabl><attalias Sync="TRUE">PSTATEGNIS</attalias><attrtype Sync="TRUE">String</attrtype><attwidth Sync="TRUE">7</attwidth><attrdef>The official code for the state using the Geographic Names Information System (GNIS) database.</attrdef><attrdefs>http:/geonames.usgs.gov/fips55/fips55down.html</attrdefs></attr></detailed></eainfo><mdDateSt Sync="TRUE">20090902</mdDateSt><dataqual><lineage><procstep><proccont><cntinfo><cntaddr><addrtype>physical address</addrtype><address>111 Fairgrounds Road</address><city>Rolla</city><state>Missouri</state><postal>65401</postal><country>United States</country></cntaddr><cntaddr><addrtype>mailing address</addrtype><address>P. O. Box 250</address><city>Rolla</city><state>Missouri</state><postal>65402</postal><country>United States</country></cntaddr><cntperp><cntper>Michael Hill</cntper><cntorg>Missouri Office of Administration, Information Technology Services Division, Missouri Department of Natural Resources</cntorg></cntperp><cntpos>Geographic Information Systems Intern</cntpos><cntvoice>(573) 368-2376</cntvoice><cnttdd>800-735-2966</cnttdd><cntfax>(573) 368-2111</cntfax><cntemail>michael.hill@dnr.mo.gov</cntemail><hours>Monday through Friday, 8 a.m. - 5 p.m. Central time</hours></cntinfo></proccont><procdesc>The state boundary was generated from the updated 1:24,000 scale county boundaries by merging the county polygons to create a single state polygon.</procdesc><procsv>ArcGIS 9.2</procsv><procdate>20090722</procdate></procstep><srcinfo><srcscale>1:24,000</srcscale><typesrc>County boundary shapefile</typesrc></srcinfo></lineage><attracc/><posacc><horizpa><horizpar>Based on 1:24,000 scale source data.</horizpar><qhorizpa><horizpav>+/- 12.2 meters</horizpav></qhorizpa></horizpa><vertacc/></posacc></dataqual>
</metadata>
